Email,Operation,Image,Time
0000@gmail.com,resize,Screenshot from 2020-10-09 15-29-19.png,Sat Nov 21 2020 20:25:12 GMT+0200 (Eastern European Standard Time)
0000@gmail.com,resize,Screenshot from 2020-09-30 22-19-48.png,Sat Nov 21 2020 20:25:19 GMT+0200 (Eastern European Standard Time)
0000@gmail.com,crop,Screenshot from 2020-09-30 22-19-48.png,Sat Nov 21 2020 20:25:24 GMT+0200 (Eastern European Standard Time)
1111@gmail.com,crop,Screenshot from 2020-10-12 21-51-18.png,Sat Nov 21 2020 20:26:13 GMT+0200 (Eastern European Standard Time)
1111@gmail.com,crop,Screenshot from 2020-10-12 22-32-40.png,Sat Nov 21 2020 20:27:50 GMT+0200 (Eastern European Standard Time)
1111@gmail.com,history request,,Sat Nov 21 2020 21:02:05 GMT+0200 (Eastern European Standard Time)
1111@gmail.com,login,,Sat Nov 21 2020 21:02:27 GMT+0200 (Eastern European Standard Time)
1111@gmail.com,history request,,Sat Nov 21 2020 21:02:29 GMT+0200 (Eastern European Standard Time)
1111@gmail.com,history request,,Sat Nov 21 2020 21:02:33 GMT+0200 (Eastern European Standard Time)
1111@gmail.com,login,,Sat Nov 21 2020 21:38:36 GMT+0200 (Eastern European Standard Time)
1111@gmail.com,history request,,Sat Nov 21 2020 21:38:37 GMT+0200 (Eastern European Standard Time)
1111@gmail.com,login,,Sun Nov 22 2020 09:35:49 GMT+0200 (Eastern European Standard Time)
1111@gmail.com,login,,Sun Nov 22 2020 09:36:01 GMT+0200 (Eastern European Standard Time)
1111@gmail.com,history request,,Sun Nov 22 2020 09:36:03 GMT+0200 (Eastern European Standard Time)
1111@gmail.com,login,,Sun Nov 22 2020 09:50:06 GMT+0200 (Eastern European Standard Time)
1111@gmail.com,history request,,Sun Nov 22 2020 09:50:09 GMT+0200 (Eastern European Standard Time)
1111@gmail.com,login,,Sun Nov 22 2020 10:22:51 GMT+0200 (Eastern European Standard Time)
1111@gmail.com,login,,Sun Nov 22 2020 10:23:37 GMT+0200 (Eastern European Standard Time)
1111@gmail.com,login,,Sun Nov 22 2020 10:24:33 GMT+0200 (Eastern European Standard Time)
1111@gmail.com,login,,Sun Nov 22 2020 10:25:11 GMT+0200 (Eastern European Standard Time)
1111@gmail.com,login,,Sun Nov 22 2020 10:25:35 GMT+0200 (Eastern European Standard Time)
1111@gmail.com,login,,Sun Nov 22 2020 10:26:08 GMT+0200 (Eastern European Standard Time)
1111@gmail.com,login,,Sun Nov 22 2020 10:28:41 GMT+0200 (Eastern European Standard Time)
1111@gmail.com,login,,Sun Nov 22 2020 10:30:02 GMT+0200 (Eastern European Standard Time)
1111@gmail.com,login,,Sun Nov 22 2020 10:31:40 GMT+0200 (Eastern European Standard Time)
1111@gmail.com,login,,Sun Nov 22 2020 10:32:31 GMT+0200 (Eastern European Standard Time)
1111@gmail.com,login,,Sun Nov 22 2020 10:33:07 GMT+0200 (Eastern European Standard Time)
1111@gmail.com,login,,Sun Nov 22 2020 10:33:39 GMT+0200 (Eastern European Standard Time)
1111@gmail.com,login,,Sun Nov 22 2020 10:34:41 GMT+0200 (Eastern European Standard Time)
1111@gmail.com,login,,Sun Nov 22 2020 10:36:00 GMT+0200 (Eastern European Standard Time)
1111@gmail.com,login,,Sun Nov 22 2020 10:36:15 GMT+0200 (Eastern European Standard Time)
1111@gmail.com,login,,Sun Nov 22 2020 10:39:07 GMT+0200 (Eastern European Standard Time)
1111@gmail.com,login,,Sun Nov 22 2020 10:40:17 GMT+0200 (Eastern European Standard Time)
1111@gmail.com,login,,Sun Nov 22 2020 10:41:13 GMT+0200 (Eastern European Standard Time)
1111@gmail.com,login,,Sun Nov 22 2020 10:45:18 GMT+0200 (Eastern European Standard Time)
1111@gmail.com,login,,Sun Nov 22 2020 10:45:43 GMT+0200 (Eastern European Standard Time)
1111@gmail.com,login,,Sun Nov 22 2020 10:47:45 GMT+0200 (Eastern European Standard Time)
1111@gmail.com,login,,Sun Nov 22 2020 10:52:08 GMT+0200 (Eastern European Standard Time)
1111@gmail.com,login,,Sun Nov 22 2020 10:52:28 GMT+0200 (Eastern European Standard Time)
1111@gmail.com,login,,Sun Nov 22 2020 10:53:18 GMT+0200 (Eastern European Standard Time)
1111@gmail.com,login,,Sun Nov 22 2020 10:54:03 GMT+0200 (Eastern European Standard Time)
1111@gmail.com,login,,Sun Nov 22 2020 10:54:44 GMT+0200 (Eastern European Standard Time)
1111@gmail.com,login,,Sun Nov 22 2020 10:55:08 GMT+0200 (Eastern European Standard Time)
,login,,Sun Nov 22 2020 11:15:36 GMT+0200 (Eastern European Standard Time)
,login,,Sun Nov 22 2020 11:17:31 GMT+0200 (Eastern European Standard Time)
1111@gmail.com,login,,Sun Nov 22 2020 11:18:19 GMT+0200 (Eastern European Standard Time)
,login,,Sun Nov 22 2020 11:18:31 GMT+0200 (Eastern European Standard Time)
,history request,,Sun Nov 22 2020 12:00:45 GMT+0200 (Eastern European Standard Time)
,login,,Sun Nov 22 2020 19:18:43 GMT+0200 (Eastern European Standard Time)
viktoriapoledance@gmail.com,history request,,Sun Nov 22 2020 19:18:59 GMT+0200 (Eastern European Standard Time)
kkk@mail.com,created account,,Mon Nov 23 2020 22:31:14 GMT+0200 (Eastern European Standard Time)
jj@mail.com,created account,,Mon Nov 23 2020 22:34:00 GMT+0200 (Eastern European Standard Time)
cn@mail.com,created account,,Mon Nov 23 2020 22:36:10 GMT+0200 (Eastern European Standard Time)
kkk@mail.com,login,,Tue Nov 24 2020 16:06:17 GMT+0200 (Eastern European Standard Time)
kkk@mail.com,history request,,Tue Nov 24 2020 16:06:45 GMT+0200 (Eastern European Standard Time)
kkk@mail.com,history request,,Tue Nov 24 2020 16:07:03 GMT+0200 (Eastern European Standard Time)
kkk@mail.com,login,,Tue Nov 24 2020 16:32:20 GMT+0200 (Eastern European Standard Time)
kkk@mail.com,login,,Tue Nov 24 2020 17:01:15 GMT+0200 (Eastern European Standard Time)
kkk@mail.com,history request,,Tue Nov 24 2020 17:01:26 GMT+0200 (Eastern European Standard Time)
kkk@mail.com,login,,Tue Nov 24 2020 17:03:02 GMT+0200 (Eastern European Standard Time)
kkk@mail.com,history request,,Tue Nov 24 2020 17:03:16 GMT+0200 (Eastern European Standard Time)
kkk@mail.com,login,,Tue Nov 24 2020 17:05:03 GMT+0200 (Eastern European Standard Time)
kkk@mail.com,history request,,Tue Nov 24 2020 17:05:10 GMT+0200 (Eastern European Standard Time)
kkk@mail.com,login,,Tue Nov 24 2020 17:06:27 GMT+0200 (Eastern European Standard Time)
kkk@mail.com,history request,,Tue Nov 24 2020 17:06:41 GMT+0200 (Eastern European Standard Time)
kkk@mail.com,login,,Tue Nov 24 2020 17:08:18 GMT+0200 (Eastern European Standard Time)
kkk@mail.com,history request,,Tue Nov 24 2020 17:08:25 GMT+0200 (Eastern European Standard Time)
kkk@mail.com,login,,Tue Nov 24 2020 17:31:05 GMT+0200 (Eastern European Standard Time)
kkk@mail.com,login,,Tue Nov 24 2020 17:36:29 GMT+0200 (Eastern European Standard Time)
kkk@mail.com,history request,,Tue Nov 24 2020 17:36:40 GMT+0200 (Eastern European Standard Time)
kkk@mail.com,logout,,Tue Nov 24 2020 17:37:03 GMT+0200 (Eastern European Standard Time)
kkk@mail.com,login,,Tue Nov 24 2020 17:50:31 GMT+0200 (Eastern European Standard Time)
kkk@mail.com,login,,Tue Nov 24 2020 17:52:01 GMT+0200 (Eastern European Standard Time)
kkk@mail.com,login,,Tue Nov 24 2020 17:54:04 GMT+0200 (Eastern European Standard Time)
kkk@mail.com,history request,,Tue Nov 24 2020 17:54:06 GMT+0200 (Eastern European Standard Time)
kkk@mail.com,history request,,Tue Nov 24 2020 17:54:12 GMT+0200 (Eastern European Standard Time)
kkk@mail.com,history request,,Tue Nov 24 2020 17:54:16 GMT+0200 (Eastern European Standard Time)
kkk@mail.com,logout,,Tue Nov 24 2020 17:54:27 GMT+0200 (Eastern European Standard Time)
kkk@mail.com,login,,Tue Nov 24 2020 18:11:40 GMT+0200 (Eastern European Standard Time)
kkk@mail.com,login,,Tue Nov 24 2020 18:13:06 GMT+0200 (Eastern European Standard Time)
kkk@mail.com,login,,Tue Nov 24 2020 18:26:34 GMT+0200 (Eastern European Standard Time)
kkk@mail.com,login,,Tue Nov 24 2020 18:31:07 GMT+0200 (Eastern European Standard Time)
kkk@mail.com,login,,Tue Nov 24 2020 18:32:48 GMT+0200 (Eastern European Standard Time)
kkk@mail.com,login,,Tue Nov 24 2020 18:33:29 GMT+0200 (Eastern European Standard Time)
kkk@mail.com,login,,Tue Nov 24 2020 18:44:41 GMT+0200 (Eastern European Standard Time)
kkk@mail.com,login,,Tue Nov 24 2020 18:46:29 GMT+0200 (Eastern European Standard Time)
kkk@mail.com,login,,Tue Nov 24 2020 18:47:07 GMT+0200 (Eastern European Standard Time)
kkk@mail.com,login,,Tue Nov 24 2020 18:48:20 GMT+0200 (Eastern European Standard Time)
kkk@mail.com,login,,Tue Nov 24 2020 18:49:16 GMT+0200 (Eastern European Standard Time)
kkk@mail.com,login,,Tue Nov 24 2020 18:50:09 GMT+0200 (Eastern European Standard Time)
kkk@mail.com,login,,Tue Nov 24 2020 18:50:58 GMT+0200 (Eastern European Standard Time)
kkk@mail.com,login,,Tue Nov 24 2020 18:56:15 GMT+0200 (Eastern European Standard Time)
kkk@mail.com,login,,Tue Nov 24 2020 19:01:06 GMT+0200 (Eastern European Standard Time)
kkk@mail.com,login,,Tue Nov 24 2020 19:05:37 GMT+0200 (Eastern European Standard Time)
kkk@mail.com,login,,Tue Nov 24 2020 19:06:20 GMT+0200 (Eastern European Standard Time)
kkk@mail.com,login,,Tue Nov 24 2020 19:07:48 GMT+0200 (Eastern European Standard Time)
kkk@mail.com,login,,Tue Nov 24 2020 19:08:37 GMT+0200 (Eastern European Standard Time)
kkk@mail.com,login,,Tue Nov 24 2020 19:09:22 GMT+0200 (Eastern European Standard Time)
kkk@mail.com,login,,Tue Nov 24 2020 19:10:30 GMT+0200 (Eastern European Standard Time)
kkk@mail.com,login,,Tue Nov 24 2020 19:11:33 GMT+0200 (Eastern European Standard Time)
kkk@mail.com,crop,1024px-Stealth-y_patrol_-_090421-F-0000B-301.jpg,Tue Nov 24 2020 19:11:40 GMT+0200 (Eastern European Standard Time)
kkk@mail.com,crop,1024px-Stealth-y_patrol_-_090421-F-0000B-301.jpg,Tue Nov 24 2020 19:14:02 GMT+0200 (Eastern European Standard Time)
kkk@mail.com,crop,1024px-Stealth-y_patrol_-_090421-F-0000B-301.jpg,Tue Nov 24 2020 19:15:00 GMT+0200 (Eastern European Standard Time)
kkk@mail.com,crop,1024px-Stealth-y_patrol_-_090421-F-0000B-301.jpg,Tue Nov 24 2020 19:15:10 GMT+0200 (Eastern European Standard Time)
kkk@mail.com,login,,Tue Nov 24 2020 19:16:46 GMT+0200 (Eastern European Standard Time)
kkk@mail.com,login,,Tue Nov 24 2020 19:18:19 GMT+0200 (Eastern European Standard Time)
kkk@mail.com,logout,,Tue Nov 24 2020 19:19:50 GMT+0200 (Eastern European Standard Time)
kkk@mail.com,login,,Tue Nov 24 2020 19:27:28 GMT+0200 (Eastern European Standard Time)
kkk@mail.com,login,,Tue Nov 24 2020 19:28:14 GMT+0200 (Eastern European Standard Time)
kkk@mail.com,login,,Tue Nov 24 2020 19:30:17 GMT+0200 (Eastern European Standard Time)
kkk@mail.com,logout,,Tue Nov 24 2020 19:30:24 GMT+0200 (Eastern European Standard Time)
kkk@mail.com,login,,Tue Nov 24 2020 19:30:59 GMT+0200 (Eastern European Standard Time)
kkk@mail.com,logout,,Tue Nov 24 2020 19:30:59 GMT+0200 (Eastern European Standard Time)
kkk@mail.com,login,,Tue Nov 24 2020 19:31:13 GMT+0200 (Eastern European Standard Time)
kkk@mail.com,resize,Screenshot from 2020-10-07 11-57-11.png,Tue Nov 24 2020 19:31:40 GMT+0200 (Eastern European Standard Time)
kkk@mail.com,login,,Tue Nov 24 2020 19:43:44 GMT+0200 (Eastern European Standard Time)
kkk@mail.com,login,,Tue Nov 24 2020 19:44:23 GMT+0200 (Eastern European Standard Time)
kkk@mail.com,login,,Tue Nov 24 2020 19:45:08 GMT+0200 (Eastern European Standard Time)
kkk@mail.com,login,,Tue Nov 24 2020 19:45:55 GMT+0200 (Eastern European Standard Time)
kkk@mail.com,login,,Tue Nov 24 2020 19:47:05 GMT+0200 (Eastern European Standard Time)
kkk@mail.com,login,,Tue Nov 24 2020 19:49:54 GMT+0200 (Eastern European Standard Time)
kkk@mail.com,login,,Tue Nov 24 2020 19:50:33 GMT+0200 (Eastern European Standard Time)
kkk@mail.com,history request,,Tue Nov 24 2020 19:50:37 GMT+0200 (Eastern European Standard Time)
kkk@mail.com,login,,Tue Nov 24 2020 19:51:45 GMT+0200 (Eastern European Standard Time)
kkk@mail.com,history request,,Tue Nov 24 2020 19:51:48 GMT+0200 (Eastern European Standard Time)
kkk@mail.com,login,,Tue Nov 24 2020 19:53:18 GMT+0200 (Eastern European Standard Time)
kkk@mail.com,history request,,Tue Nov 24 2020 19:53:20 GMT+0200 (Eastern European Standard Time)
kkk@mail.com,history request,,Tue Nov 24 2020 19:55:03 GMT+0200 (Eastern European Standard Time)
kkk@mail.com,login,,Tue Nov 24 2020 20:10:56 GMT+0200 (Eastern European Standard Time)
kkk@mail.com,history request,,Tue Nov 24 2020 20:13:32 GMT+0200 (Eastern European Standard Time)
kkk@mail.com,login,,Tue Nov 24 2020 20:14:35 GMT+0200 (Eastern European Standard Time)
kkk@mail.com,history request,,Tue Nov 24 2020 20:14:40 GMT+0200 (Eastern European Standard Time)
kkk@mail.com,login,,Tue Nov 24 2020 20:16:22 GMT+0200 (Eastern European Standard Time)
kkk@mail.com,history request,,Tue Nov 24 2020 20:16:32 GMT+0200 (Eastern European Standard Time)
kkk@mail.com,login,,Tue Nov 24 2020 20:17:07 GMT+0200 (Eastern European Standard Time)
kkk@mail.com,history request,,Tue Nov 24 2020 20:17:10 GMT+0200 (Eastern European Standard Time)
kkk@mail.com,login,,Tue Nov 24 2020 20:18:23 GMT+0200 (Eastern European Standard Time)
kkk@mail.com,history request,,Tue Nov 24 2020 20:18:28 GMT+0200 (Eastern European Standard Time)
kkk@mail.com,history request,,Tue Nov 24 2020 20:18:45 GMT+0200 (Eastern European Standard Time)
kkk@mail.com,history request,,Tue Nov 24 2020 20:18:47 GMT+0200 (Eastern European Standard Time)
kkk@mail.com,login,,Tue Nov 24 2020 20:19:06 GMT+0200 (Eastern European Standard Time)
kkk@mail.com,history request,,Tue Nov 24 2020 20:19:13 GMT+0200 (Eastern European Standard Time)
kkk@mail.com,history request,,Tue Nov 24 2020 20:19:14 GMT+0200 (Eastern European Standard Time)
kkk@mail.com,login,,Tue Nov 24 2020 20:19:39 GMT+0200 (Eastern European Standard Time)
kkk@mail.com,history request,,Tue Nov 24 2020 20:19:43 GMT+0200 (Eastern European Standard Time)
kkk@mail.com,login,,Tue Nov 24 2020 20:20:38 GMT+0200 (Eastern European Standard Time)
kkk@mail.com,history request,,Tue Nov 24 2020 20:20:42 GMT+0200 (Eastern European Standard Time)
kkk@mail.com,login,,Tue Nov 24 2020 20:21:13 GMT+0200 (Eastern European Standard Time)
kkk@mail.com,history request,,Tue Nov 24 2020 20:21:17 GMT+0200 (Eastern European Standard Time)
kkk@mail.com,login,,Tue Nov 24 2020 20:21:42 GMT+0200 (Eastern European Standard Time)
kkk@mail.com,history request,,Tue Nov 24 2020 20:21:46 GMT+0200 (Eastern European Standard Time)
kkk@mail.com,login,,Tue Nov 24 2020 20:23:06 GMT+0200 (Eastern European Standard Time)
kkk@mail.com,history request,,Tue Nov 24 2020 20:23:09 GMT+0200 (Eastern European Standard Time)
kkk@mail.com,login,,Tue Nov 24 2020 20:23:54 GMT+0200 (Eastern European Standard Time)
kkk@mail.com,history request,,Tue Nov 24 2020 20:23:57 GMT+0200 (Eastern European Standard Time)
kkk@mail.com,login,,Tue Nov 24 2020 20:24:43 GMT+0200 (Eastern European Standard Time)
kkk@mail.com,history request,,Tue Nov 24 2020 20:24:47 GMT+0200 (Eastern European Standard Time)
kkk@mail.com,login,,Tue Nov 24 2020 20:27:42 GMT+0200 (Eastern European Standard Time)
kkk@mail.com,history request,,Tue Nov 24 2020 20:27:45 GMT+0200 (Eastern European Standard Time)
kkk@mail.com,login,,Tue Nov 24 2020 20:28:10 GMT+0200 (Eastern European Standard Time)
kkk@mail.com,crop,Screenshot from 2020-10-09 15-29-05.png,Tue Nov 24 2020 20:32:05 GMT+0200 (Eastern European Standard Time)
kkk@mail.com,logout,,Tue Nov 24 2020 20:32:34 GMT+0200 (Eastern European Standard Time)
,login,,Tue Nov 24 2020 20:39:43 GMT+0200 (Eastern European Standard Time)
viktoriapoledance@gmail.com,logout,,Tue Nov 24 2020 20:39:50 GMT+0200 (Eastern European Standard Time)
,login,,Tue Nov 24 2020 20:41:46 GMT+0200 (Eastern European Standard Time)
viktoriapoledance@gmail.com,history request,,Tue Nov 24 2020 20:41:49 GMT+0200 (Eastern European Standard Time)
viktoriapoledance@gmail.com,history request,,Tue Nov 24 2020 20:43:14 GMT+0200 (Eastern European Standard Time)
,login,,Tue Nov 24 2020 20:43:59 GMT+0200 (Eastern European Standard Time)
viktoriapoledance@gmail.com,history request,,Tue Nov 24 2020 20:44:02 GMT+0200 (Eastern European Standard Time)
